{"accuracy": 0.9981750249862671, "precision": 0.7186229228973389, "recall": 0.29955264925956726, "f1": 0.4228453040122986}