{"accuracy": 0.9992242455482483, "precision": 0.18918919563293457, "recall": 0.0007065710960887372, "f1": 0.0014078840613365173}