{"accuracy": 0.9970663785934448, "precision": 0.5312328338623047, "recall": 0.3887702226638794, "f1": 0.44897133111953735}