{"accuracy": 0.9982280731201172, "precision": 0.6564750075340271, "recall": 0.4395167827606201, "f1": 0.5265217423439026}