{"accuracy": 0.9969159960746765, "precision": 0.5005401372909546, "recall": 0.1317642331123352, "f1": 0.20861245691776276}