{"accuracy": 0.997185468673706, "precision": 0.6016644835472107, "recall": 0.2739878296852112, "f1": 0.3765164315700531}