{"accuracy": 0.9992705583572388, "precision": 0.8498139977455139, "recall": 0.8085830807685852, "f1": 0.828685998916626}