{"accuracy": 0.9968867897987366, "precision": 0.4674648940563202, "recall": 0.08035657554864883, "f1": 0.13713912665843964}