{"accuracy": 0.9968932271003723, "precision": 0.35060957074165344, "recall": 0.008414511568844318, "f1": 0.016434598714113235}