{"accuracy": 0.9967576265335083, "precision": 0.4266219735145569, "recall": 0.15503615140914917, "f1": 0.22742509841918945}