{"accuracy": 0.9968919157981873, "precision": 0.44518277049064636, "recall": 0.010363198816776276, "f1": 0.020254895091056824}