{"accuracy": 0.9993051886558533, "precision": 0.8604526519775391, "recall": 0.8209460973739624, "f1": 0.8402354717254639}