{"accuracy": 0.9968867301940918, "precision": 0.4894934594631195, "recall": 0.17421284317970276, "f1": 0.2569692134857178}